,Headlines,Date
0,Corrtech International files draft papers with Sebi to raise funds via IPO,"Mar 17, 2022, 10:20 PM"
1,Taking Stock: Market expert Jai Bala positive on Ajanta Pharma and ABFRL,"Mar 17, 2022, 05:58 PM"
2,"Stock Market Highlights: Sensex ends 1,047 pts higher, Nifty reclaims 17,250; IT index edges lower ahead of Accenture results","Mar 17, 2022, 03:58 PM"
3,"Kotak Bank, SBI, Future Retail, JSW Steel, Nykaa and more: Key stocks that moved the most on Mar 17","Mar 17, 2022, 03:45 PM"
4,"Closing Bell: Sensex, Nifty surge after Fed's in-line rate hike, upbeat commentary; VIX at 1-month low","Mar 17, 2022, 03:42 PM"
5,Nifty crosses 200 DMA amid broad-based rally as in-line Fed action boosts global equities,"Mar 17, 2022, 03:27 PM"
6,"Banking stocks in limelight as Axis Bank, HDFC Bank, SBI, RBL Bank gain; should you buy, sell or hold?","Mar 17, 2022, 02:39 PM"
7,"FIIs bought Rs 312-crore Indian shares on Wednesday, highest inflow in over 2 months","Mar 17, 2022, 02:34 PM"
8,Jefferies initiates coverage on Nykaa with 'buy' rating,"Mar 17, 2022, 01:28 PM"
9,"JPMorgan raises Coal India target price by 11%, maintains 'overweight' rating","Mar 17, 2022, 01:09 PM"
10,"Active vs passive fund management: Risk, returns and more","Mar 17, 2022, 12:25 PM"
11,"This analyst who predicted slump in Paytm further reduces target price on stock, shares fall 3%","Mar 17, 2022, 12:24 PM"
12,Momentumisers: Voltas in focus; what’s next for consumer durable stock?,"Mar 17, 2022, 10:07 AM"
13,"Top stock tips by Sudarshan Sukhani, Prakash Gaba: Tata Consumer, Havells, Indian Hotels and more","Mar 17, 2022, 09:12 AM"
14,"MarketBuzz Podcast With Sonal Bhutra: Sensex, Nifty50 likely to make a gap-up start today; Fed hikes rates as expected","Mar 17, 2022, 08:58 AM"
15,"Thursday's top brokerage calls: Mphasis, HCL Tech, Voltas and L&T","Mar 17, 2022, 08:36 AM"
16,"Trade setup for March 17: Can Nifty50 test 17,500 soon? Technical chart signals, important levels and global cues to watch","Mar 17, 2022, 07:49 AM"
17,"M&M, Indiabulls Housing, Oil India, Adani Power and more: Top stocks to watch out for on Mar 17","Mar 17, 2022, 07:17 AM"
18,Wall Street closing: How major US stock indices fared on Wednesday,"Mar 17, 2022, 06:37 AM"
19,Coforge shares tank 14% in 5 days; here’s why,"Mar 16, 2022, 03:57 PM"
20,"Stock Market Hihghlights: Sensex ends 1,040 pts higher, Nifty50 reclaims 16,950 amid broad-based gains; Fed meet in focus","Mar 16, 2022, 03:56 PM"
21,"IndusInd Bank, HAL, Tata Communications and more: Key stocks that moved the most on Mar 16","Mar 16, 2022, 03:48 PM"
22,"Closing Bell: Investors richer by Rs 4.6 lakh crore as Sensex, Nifty surge after a day's breather; all eyes on Fed","Mar 16, 2022, 03:34 PM"
23,Bharti Enterprises may sell its entire stake in ICICI Lombard General Insurance,"Mar 16, 2022, 03:31 PM"
24,Explained: Can market concentration determine future returns? Take a look at S&P 500's past,"Mar 16, 2022, 02:59 PM"
25,View | Stock market investing and navigating the macro context,"Mar 16, 2022, 02:58 PM"
26,"Your Stocks: What experts say on ITC, PNB, IDBI Bank, Apollo Tyres","Mar 16, 2022, 02:58 PM"
27,"Nomura says Persistent Systems remains top midcap IT pick, but cuts target price","Mar 16, 2022, 01:55 PM"
28,IndusInd Bank shares up 4%; here's why Morgan Stanley is 'overweight' on the stock,"Mar 16, 2022, 12:27 PM"
29,Zomato vs Jubilant Food: Market guru Deven Choksey shares his views and preference,"Mar 16, 2022, 11:47 AM"
30,"Opening Bell: Indices open higher with Nifty above 16,900 amid positive global cues","Mar 16, 2022, 09:40 AM"
31,"Top stock tips by Sudarshan Sukhani, Mitessh Thakkar: Sun Pharma, Divi's, Dabur and more","Mar 16, 2022, 09:05 AM"
32,"MarketBuzz Podcast With Sonal Bhutra: Sensex, Nifty50 likely to make a strong start today; crude oil cools off","Mar 16, 2022, 08:46 AM"
33,"Wednesday's top brokerage calls: Wipro, Infosys, Kotak Bank, Persistent Systems and IndusInd Bank","Mar 16, 2022, 08:12 AM"
34,"Trade setup for March 16: As Nifty50 takes a breather, is there more pain ahead?","Mar 16, 2022, 07:41 AM"
35,"Paytm, Punjab National Bank, Zomato, ITC and more: Top stocks to watch out for on Mar 16","Mar 16, 2022, 07:21 AM"
36,Wall Street closing: How major US stock indices fared on Tuesday,"Mar 16, 2022, 06:33 AM"
